{
	"format_version": "1.8.0",
	"animations": {
		"idle": {
			"loop": true,
			"animation_length": 16,
			"bones": {
				"Disk": {
					"rotation": {
						"0.0": [0, 0, 0],
						"16.0": [0, 360, 0]
					}
				},
				"EventHorizon": {
					"rotation": {
						"0.0": [0, 0, 0],
						"1.0": [24.13423, -48.94485, 1.12424],
						"3.0": [34.00379, -25.78228, -64.42399],
						"4.0": [216.14635, 35.775, 137.00669],
						"8.0": [303.8895, -66.91797, 74.47405],
						"12.0": [87.81861, -56.07412, 241.14637],
						"16.0": [0, 0, 0]
					},
					"scale": {
						"0.0": [1, 1, 1],
						"1.0": [0.8, 0.8, 0.8],
						"3.0": [0.6, 0.6, 0.6],
						"4.0": [1.2, 1.2, 1.2],
						"8.0": [0.9, 0.9, 0.9],
						"12.0": [1.3, 1.3, 1.3],
						"16.0": [1, 1, 1]
					}
				}
			}
		}
	},
	"geckolib_format_version": 2
}